row,side0,side1,learner_seat,result,unfinished,unresolved,score
0,0,44,0,1,0,0,1.0
1,15,0,1,1,0,0,1.0
2,0,73,0,1,0,0,1.0
3,5,0,1,1,0,0,1.0
4,0,19,0,1,0,0,1.0
5,23,0,1,1,0,0,1.0
6,0,9,0,1,0,0,1.0
7,51,0,1,1,0,0,1.0
8,0,35,0,-1,0,0,0.0
9,70,0,1,1,0,0,1.0
10,0,3,0,-1,0,0,0.0
11,28,0,1,1,0,0,1.0
12,0,21,0,-1,0,0,0.0
13,49,1,1,1,0,0,1.0
14,1,71,0,1,0,0,1.0
15,75,1,1,1,0,0,1.0
16,1,53,0,1,0,0,1.0
17,21,1,1,-1,0,0,0.0
18,1,72,0,1,0,0,1.0
19,45,1,1,1,0,0,1.0
20,1,30,0,1,0,0,1.0
21,5,1,1,1,0,0,1.0
22,1,62,0,1,0,0,1.0
23,51,1,1,1,0,0,1.0
24,1,2,0,1,0,0,1.0
25,28,1,1,1,0,0,1.0
26,2,41,0,1,0,0,1.0
27,56,2,1,1,0,0,1.0
28,2,23,0,1,0,0,1.0
29,39,2,1,1,0,0,1.0
30,2,75,0,1,0,0,1.0
31,18,2,1,-1,0,0,0.0
32,2,68,0,1,0,0,1.0
33,9,2,1,-1,0,0,0.0
34,2,71,0,1,0,0,1.0
35,50,2,1,1,0,0,1.0
36,2,38,0,1,0,0,1.0
37,19,2,1,1,0,0,1.0
38,2,66,0,-1,0,0,0.0
39,15,3,1,1,0,0,1.0
40,3,27,0,1,0,0,1.0
41,67,3,1,-1,0,0,0.0
42,3,44,0,1,0,0,1.0
43,8,3,1,1,0,0,1.0
44,3,12,0,-1,0,0,0.0
45,72,3,1,-1,0,0,0.0
46,3,30,0,-1,0,0,0.0
47,69,3,1,-1,0,0,0.0
48,3,63,0,-1,0,0,0.0
49,37,3,1,1,0,0,1.0
50,3,4,0,-1,0,0,0.0
51,25,3,1,-1,0,0,0.0
52,4,36,0,1,0,0,1.0
53,77,4,1,1,0,0,1.0
54,4,43,0,1,0,0,1.0
55,40,4,1,-1,0,0,0.0
56,4,76,0,-1,0,0,0.0
57,75,4,1,-1,0,0,0.0
58,4,45,0,1,0,0,1.0
59,20,4,1,1,0,0,1.0
60,4,54,0,1,0,0,1.0
61,0,4,1,-1,0,0,0.0
62,4,11,0,1,0,0,1.0
63,59,4,1,1,0,0,1.0
64,4,7,0,1,0,0,1.0
65,74,5,1,-1,0,0,0.0
66,5,2,0,1,0,0,1.0
67,8,5,1,-1,0,0,0.0
68,5,67,0,-1,0,0,0.0
69,29,5,1,1,0,0,1.0
70,5,52,0,1,0,0,1.0
71,36,5,1,-1,0,0,0.0
72,5,58,0,-1,0,0,0.0
73,65,5,1,-1,0,0,0.0
74,5,41,0,-1,0,0,0.0
75,71,5,1,1,0,0,1.0
76,5,48,0,-1,0,0,0.0
77,57,5,1,-1,0,0,0.0
78,6,74,0,-1,0,0,0.0
79,44,6,1,-1,0,0,0.0
80,6,3,0,-1,0,0,0.0
81,9,6,1,1,0,0,1.0
82,6,2,0,-1,0,0,0.0
83,1,6,1,-1,0,0,0.0
84,6,16,0,1,0,0,1.0
85,38,6,1,1,0,0,1.0
86,6,20,0,1,0,0,1.0
87,49,6,1,1,0,0,1.0
88,6,43,0,1,0,0,1.0
89,56,6,1,1,0,0,1.0
90,6,77,0,-1,0,0,0.0
91,77,7,1,1,0,0,1.0
92,7,15,0,1,0,0,1.0
93,38,7,1,1,0,0,1.0
94,7,24,0,1,0,0,1.0
95,10,7,1,-1,0,0,0.0
96,7,11,0,1,0,0,1.0
97,34,7,1,1,0,0,1.0
98,7,27,0,-1,0,0,0.0
99,39,7,1,-1,0,0,0.0
100,7,45,0,-1,0,0,0.0
101,4,7,1,1,0,0,1.0
102,7,14,0,-1,0,0,0.0
103,65,7,1,-1,0,0,0.0
104,8,35,0,-1,0,0,0.0
105,25,8,1,-1,0,0,0.0
106,8,45,0,1,0,0,1.0
107,13,8,1,-1,0,0,0.0
108,8,50,0,1,0,0,1.0
109,24,8,1,-1,0,0,0.0
110,8,1,0,-1,0,0,0.0
111,67,8,1,1,0,0,1.0
112,8,64,0,1,0,0,1.0
113,8,8,1,1,0,0,1.0
114,8,52,0,-1,0,0,0.0
115,53,8,1,-1,0,0,0.0
116,8,14,0,1,0,0,1.0
117,49,9,1,-1,0,0,0.0
118,9,9,0,1,0,0,1.0
119,57,9,1,1,0,0,1.0
120,9,27,0,1,0,0,1.0
121,19,9,1,-1,0,0,0.0
122,9,24,0,-1,0,0,0.0
123,77,9,1,-1,0,0,0.0
124,9,5,0,1,0,0,1.0
125,46,9,1,-1,0,0,0.0
126,9,44,0,1,0,0,1.0
127,10,9,1,-1,0,0,0.0
128,9,45,0,-1,0,0,0.0
129,37,9,1,-1,0,0,0.0
130,10,13,0,-1,0,0,0.0
131,46,10,1,-1,0,0,0.0
132,10,68,0,1,0,0,1.0
133,44,10,1,1,0,0,1.0
134,10,52,0,-1,0,0,0.0
135,3,10,1,1,0,0,1.0
136,10,20,0,1,0,0,1.0
137,59,10,1,-1,0,0,0.0
138,10,1,0,-1,0,0,0.0
139,70,10,1,-1,0,0,0.0
140,10,49,0,1,0,0,1.0
141,61,10,1,1,0,0,1.0
142,10,17,0,1,0,0,1.0
143,26,11,1,1,0,0,1.0
144,11,51,0,-1,0,0,0.0
145,37,11,1,-1,0,0,0.0
146,11,67,0,1,0,0,1.0
147,45,11,1,-1,0,0,0.0
148,11,14,0,-1,0,0,0.0
149,16,11,1,-1,0,0,0.0
150,11,23,0,-1,0,0,0.0
151,41,11,1,-1,0,0,0.0
152,11,11,0,1,0,0,1.0
153,71,11,1,-1,0,0,0.0
154,11,61,0,1,0,0,1.0
155,42,11,1,1,0,0,1.0
156,12,22,0,1,0,0,1.0
157,16,12,1,-1,0,0,0.0
158,12,18,0,-1,0,0,0.0
159,45,12,1,-1,0,0,0.0
160,12,52,0,1,0,0,1.0
161,4,12,1,1,0,0,1.0
162,12,64,0,-1,0,0,0.0
163,28,12,1,1,0,0,1.0
164,12,23,0,-1,0,0,0.0
165,38,12,1,1,0,0,1.0
166,12,76,0,-1,0,0,0.0
167,9,12,1,-1,0,0,0.0
168,52,13,1,1,0,0,1.0
169,13,12,0,1,0,0,1.0
170,26,13,1,-1,0,0,0.0
171,13,60,0,-1,0,0,0.0
172,2,13,1,-1,0,0,0.0
173,13,67,0,1,0,0,1.0
174,3,13,1,1,0,0,1.0
175,13,35,0,1,0,0,1.0
176,73,13,1,1,0,0,1.0
177,13,45,0,1,0,0,1.0
178,64,13,1,1,0,0,1.0
179,13,14,0,-1,0,0,0.0
180,18,13,1,1,0,0,1.0
181,14,47,0,1,0,0,1.0
182,21,14,1,1,0,0,1.0
183,14,6,0,1,0,0,1.0
184,22,14,1,-1,0,0,0.0
185,14,53,0,1,0,0,1.0
186,74,14,1,1,0,0,1.0
187,14,58,0,1,0,0,1.0
188,31,14,1,-1,0,0,0.0
189,14,77,0,-1,0,0,0.0
190,0,14,1,1,0,0,1.0
191,14,70,0,-1,0,0,0.0
192,54,14,1,1,0,0,1.0
193,14,45,0,-1,0,0,0.0
194,39,15,1,1,0,0,1.0
195,15,19,0,1,0,0,1.0
196,52,15,1,-1,0,0,0.0
197,15,11,0,1,0,0,1.0
198,40,15,1,-1,0,0,0.0
199,15,49,0,1,0,0,1.0
200,76,15,1,-1,0,0,0.0
201,15,17,0,-1,0,0,0.0
202,21,15,1,1,0,0,1.0
203,15,71,0,-1,0,0,0.0
204,6,15,1,1,0,0,1.0
205,15,34,0,-1,0,0,0.0
206,67,15,1,-1,0,0,0.0
207,16,34,0,1,0,0,1.0
208,66,16,1,-1,0,0,0.0
209,16,7,0,1,0,0,1.0
210,4,16,1,1,0,0,1.0
211,16,9,0,1,0,0,1.0
212,33,16,1,-1,0,0,0.0
213,16,69,0,1,0,0,1.0
214,43,16,1,1,0,0,1.0
215,16,3,0,-1,0,0,0.0
216,37,16,1,1,0,0,1.0
217,16,58,0,-1,0,0,0.0
218,49,16,1,-1,0,0,0.0
219,16,63,0,1,0,0,1.0
220,27,17,1,1,0,0,1.0
221,17,19,0,1,0,0,1.0
222,74,17,1,1,0,0,1.0
223,17,47,0,-1,0,0,0.0
224,62,17,1,-1,0,0,0.0
225,17,8,0,1,0,0,1.0
226,52,17,1,-1,0,0,0.0
227,17,57,0,1,0,0,1.0
228,66,17,1,-1,0,0,0.0
229,17,56,0,-1,0,0,0.0
230,26,17,1,1,0,0,1.0
231,17,50,0,-1,0,0,0.0
232,71,17,1,-1,0,0,0.0
233,18,36,0,1,0,0,1.0
234,64,18,1,-1,0,0,0.0
235,18,51,0,1,0,0,1.0
236,46,18,1,-1,0,0,0.0
237,18,57,0,1,0,0,1.0
238,67,18,1,1,0,0,1.0
239,18,74,0,-1,0,0,0.0
240,23,18,1,-1,0,0,0.0
241,18,77,0,-1,0,0,0.0
242,34,18,1,-1,0,0,0.0
243,18,43,0,1,0,0,1.0
244,54,18,1,1,0,0,1.0
245,18,61,0,1,0,0,1.0
246,1,19,1,-1,0,0,0.0
247,19,23,0,1,0,0,1.0
248,69,19,1,-1,0,0,0.0
249,19,12,0,-1,0,0,0.0
250,40,19,1,-1,0,0,0.0
251,19,20,0,1,0,0,1.0
252,76,19,1,1,0,0,1.0
253,19,16,0,1,0,0,1.0
254,24,19,1,1,0,0,1.0
255,19,48,0,-1,0,0,0.0
256,51,19,1,1,0,0,1.0
257,19,55,0,-1,0,0,0.0
258,10,19,1,1,0,0,1.0
259,20,19,0,1,0,0,1.0
260,34,20,1,-1,0,0,0.0
261,20,37,0,-1,0,0,0.0
262,38,20,1,1,0,0,1.0
263,20,1,0,1,0,0,1.0
264,51,20,1,-1,0,0,0.0
265,20,55,0,1,0,0,1.0
266,23,20,1,-1,0,0,0.0
267,20,69,0,1,0,0,1.0
268,73,20,1,-1,0,0,0.0
269,20,28,0,1,0,0,1.0
270,54,20,1,1,0,0,1.0
271,20,14,0,1,0,0,1.0
272,58,21,1,1,0,0,1.0
273,21,46,0,-1,0,0,0.0
274,35,21,1,1,0,0,1.0
275,21,17,0,-1,0,0,0.0
276,55,21,1,-1,0,0,0.0
277,21,22,0,1,0,0,1.0
278,5,21,1,1,0,0,1.0
279,21,39,0,-1,0,0,0.0
280,41,21,1,1,0,0,1.0
281,21,67,0,1,0,0,1.0
282,14,21,1,1,0,0,1.0
283,21,27,0,1,0,0,1.0
284,23,21,1,1,0,0,1.0
285,22,72,0,1,0,0,1.0
286,41,22,1,1,0,0,1.0
287,22,68,0,-1,0,0,0.0
288,70,22,1,-1,0,0,0.0
289,22,37,0,1,0,0,1.0
290,19,22,1,1,0,0,1.0
291,22,74,0,-1,0,0,0.0
292,60,22,1,1,0,0,1.0
293,22,52,0,-1,0,0,0.0
294,43,22,1,-1,0,0,0.0
295,22,27,0,-1,0,0,0.0
296,16,22,1,-1,0,0,0.0
297,22,46,0,1,0,0,1.0
298,46,23,1,-1,0,0,0.0
299,23,27,0,1,0,0,1.0
300,19,23,1,1,0,0,1.0
301,23,1,0,-1,0,0,0.0
302,74,23,1,1,0,0,1.0
303,23,48,0,1,0,0,1.0
304,2,23,1,-1,0,0,0.0
305,23,68,0,1,0,0,1.0
306,60,23,1,1,0,0,1.0
307,23,70,0,-1,0,0,0.0
308,43,23,1,1,0,0,1.0
309,23,18,0,1,0,0,1.0
310,21,23,1,1,0,0,1.0
311,24,26,0,1,0,0,1.0
312,20,24,1,-1,0,0,0.0
313,24,55,0,-1,0,0,0.0
314,6,24,1,1,0,0,1.0
315,24,75,0,-1,0,0,0.0
316,8,24,1,1,0,0,1.0
317,24,4,0,-1,0,0,0.0
318,12,24,1,-1,0,0,0.0
319,24,52,0,-1,0,0,0.0
320,5,24,1,1,0,0,1.0
321,24,2,0,1,0,0,1.0
322,32,24,1,-1,0,0,0.0
323,24,7,0,1,0,0,1.0
324,39,25,1,-1,0,0,0.0
325,25,35,0,1,0,0,1.0
326,46,25,1,-1,0,0,0.0
327,25,14,0,1,0,0,1.0
328,68,25,1,1,0,0,1.0
329,25,31,0,1,0,0,1.0
330,70,25,1,1,0,0,1.0
331,25,15,0,1,0,0,1.0
332,28,25,1,-1,0,0,0.0
333,25,41,0,1,0,0,1.0
334,34,25,1,1,0,0,1.0
335,25,48,0,1,0,0,1.0
336,61,25,1,1,0,0,1.0
337,26,34,0,1,0,0,1.0
338,53,26,1,1,0,0,1.0
339,26,5,0,1,0,0,1.0
340,26,26,1,-1,0,0,0.0
341,26,9,0,1,0,0,1.0
342,62,26,1,-1,0,0,0.0
343,26,1,0,-1,0,0,0.0
344,18,26,1,-1,0,0,0.0
345,26,77,0,-1,0,0,0.0
346,41,26,1,1,0,0,1.0
347,26,33,0,-1,0,0,0.0
348,52,26,1,1,0,0,1.0
349,26,50,0,-1,0,0,0.0
350,78,27,1,1,0,0,1.0
351,27,72,0,-1,0,0,0.0
352,14,27,1,-1,0,0,0.0
353,27,6,0,1,0,0,1.0
354,41,27,1,1,0,0,1.0
355,27,36,0,1,0,0,1.0
356,30,27,1,1,0,0,1.0
357,27,60,0,1,0,0,1.0
358,59,27,1,1,0,0,1.0
359,27,23,0,-1,0,0,0.0
360,77,27,1,1,0,0,1.0
361,27,15,0,-1,0,0,0.0
362,4,27,1,1,0,0,1.0
363,28,48,0,1,0,0,1.0
364,0,28,1,1,0,0,1.0
365,28,70,0,-1,0,0,0.0
366,51,28,1,1,0,0,1.0
367,28,6,0,1,0,0,1.0
368,8,28,1,-1,0,0,0.0
369,28,28,0,1,0,0,1.0
370,36,28,1,1,0,0,1.0
371,28,65,0,1,0,0,1.0
372,32,28,1,-1,0,0,0.0
373,28,62,0,1,0,0,1.0
374,41,28,1,1,0,0,1.0
375,28,42,0,-1,0,0,0.0
376,29,29,1,1,0,0,1.0
377,29,59,0,-1,0,0,0.0
378,10,29,1,1,0,0,1.0
379,29,61,0,1,0,0,1.0
380,78,29,1,1,0,0,1.0
381,29,22,0,-1,0,0,0.0
382,36,29,1,-1,0,0,0.0
383,29,23,0,1,0,0,1.0
384,13,29,1,1,0,0,1.0
385,29,17,0,1,0,0,1.0
386,65,29,1,1,0,0,1.0
387,29,15,0,1,0,0,1.0
388,26,29,1,1,0,0,1.0
389,30,4,0,1,0,0,1.0
390,50,30,1,1,0,0,1.0
391,30,7,0,-1,0,0,0.0
392,14,30,1,-1,0,0,0.0
393,30,26,0,1,0,0,1.0
394,29,30,1,-1,0,0,0.0
395,30,36,0,-1,0,0,0.0
396,72,30,1,1,0,0,1.0
397,30,32,0,1,0,0,1.0
398,35,30,1,1,0,0,1.0
399,30,2,0,1,0,0,1.0
400,68,30,1,-1,0,0,0.0
401,30,16,0,1,0,0,1.0
402,39,31,1,1,0,0,1.0
403,31,16,0,-1,0,0,0.0
404,50,31,1,1,0,0,1.0
405,31,51,0,1,0,0,1.0
406,72,31,1,1,0,0,1.0
407,31,25,0,-1,0,0,0.0
408,9,31,1,1,0,0,1.0
409,31,38,0,-1,0,0,0.0
410,78,31,1,-1,0,0,0.0
411,31,19,0,1,0,0,1.0
412,73,31,1,1,0,0,1.0
413,31,75,0,1,0,0,1.0
414,32,31,1,1,0,0,1.0
415,32,25,0,1,0,0,1.0
416,3,32,1,1,0,0,1.0
417,32,53,0,1,0,0,1.0
418,78,32,1,1,0,0,1.0
419,32,13,0,1,0,0,1.0
420,12,32,1,1,0,0,1.0
421,32,46,0,1,0,0,1.0
422,70,32,1,-1,0,0,0.0
423,32,59,0,-1,0,0,0.0
424,66,32,1,-1,0,0,0.0
425,32,61,0,1,0,0,1.0
426,37,32,1,1,0,0,1.0
427,32,29,0,1,0,0,1.0
428,71,33,1,1,0,0,1.0
429,33,31,0,1,0,0,1.0
430,34,33,1,1,0,0,1.0
431,33,17,0,1,0,0,1.0
432,40,33,1,1,0,0,1.0
433,33,35,0,1,0,0,1.0
434,14,33,1,-1,0,0,0.0
435,33,38,0,-1,0,0,0.0
436,3,33,1,1,0,0,1.0
437,33,57,0,1,0,0,1.0
438,23,33,1,-1,0,0,0.0
439,33,51,0,1,0,0,1.0
440,22,33,1,1,0,0,1.0
441,34,61,0,1,0,0,1.0
442,37,34,1,1,0,0,1.0
443,34,73,0,-1,0,0,0.0
444,78,34,1,-1,0,0,0.0
445,34,28,0,1,0,0,1.0
446,10,34,1,1,0,0,1.0
447,34,17,0,-1,0,0,0.0
448,31,34,1,1,0,0,1.0
449,34,15,0,-1,0,0,0.0
450,56,34,1,1,0,0,1.0
451,34,9,0,1,0,0,1.0
452,11,34,1,1,0,0,1.0
453,34,42,0,-1,0,0,0.0
454,34,35,1,1,0,0,1.0
455,35,50,0,1,0,0,1.0
456,10,35,1,-1,0,0,0.0
457,35,49,0,1,0,0,1.0
458,40,35,1,-1,0,0,0.0
459,35,62,0,1,0,0,1.0
460,1,35,1,-1,0,0,0.0
461,35,45,0,-1,0,0,0.0
462,7,35,1,1,0,0,1.0
463,35,14,0,1,0,0,1.0
464,67,35,1,-1,0,0,0.0
465,35,30,0,1,0,0,1.0
466,22,35,1,1,0,0,1.0
467,36,53,0,1,0,0,1.0
468,48,36,1,-1,0,0,0.0
469,36,64,0,-1,0,0,0.0
470,59,36,1,-1,0,0,0.0
471,36,63,0,1,0,0,1.0
472,44,36,1,1,0,0,1.0
473,36,50,0,1,0,0,1.0
474,68,36,1,1,0,0,1.0
475,36,22,0,-1,0,0,0.0
476,30,36,1,-1,0,0,0.0
477,36,42,0,-1,0,0,0.0
478,75,36,1,1,0,0,1.0
479,36,15,0,-1,0,0,0.0
480,17,37,1,1,0,0,1.0
481,37,14,0,-1,0,0,0.0
482,31,37,1,1,0,0,1.0
483,37,10,0,1,0,0,1.0
484,68,37,1,1,0,0,1.0
485,37,38,0,1,0,0,1.0
486,72,37,1,1,0,0,1.0
487,37,50,0,1,0,0,1.0
488,42,37,1,1,0,0,1.0
489,37,18,0,1,0,0,1.0
490,67,37,1,-1,0,0,0.0
491,37,2,0,1,0,0,1.0
492,20,37,1,1,0,0,1.0
493,38,62,0,1,0,0,1.0
494,0,38,1,-1,0,0,0.0
495,38,20,0,1,0,0,1.0
496,73,38,1,1,0,0,1.0
497,38,26,0,-1,0,0,0.0
498,31,38,1,1,0,0,1.0
499,38,5,0,1,0,0,1.0
500,74,38,1,1,0,0,1.0
501,38,66,0,-1,0,0,0.0
502,44,38,1,1,0,0,1.0
503,38,55,0,-1,0,0,0.0
504,49,38,1,-1,0,0,0.0
505,38,1,0,1,0,0,1.0
506,22,39,1,1,0,0,1.0
507,39,32,0,-1,0,0,0.0
508,39,39,1,1,0,0,1.0
509,39,31,0,-1,0,0,0.0
510,62,39,1,1,0,0,1.0
511,39,35,0,1,0,0,1.0
512,25,39,1,-1,0,0,0.0
513,39,15,0,1,0,0,1.0
514,66,39,1,1,0,0,1.0
515,39,21,0,-1,0,0,0.0
516,76,39,1,1,0,0,1.0
517,39,23,0,1,0,0,1.0
518,40,26,0,1,0,0,1.0
519,58,40,1,1,0,0,1.0
520,40,21,0,1,0,0,1.0
521,74,40,1,1,0,0,1.0
522,40,65,0,1,0,0,1.0
523,68,40,1,1,0,0,1.0
524,40,40,0,1,0,0,1.0
525,15,40,1,1,0,0,1.0
526,40,75,0,-1,0,0,0.0
527,14,40,1,1,0,0,1.0
528,40,48,0,1,0,0,1.0
529,37,40,1,-1,0,0,0.0
530,40,56,0,-1,0,0,0.0
531,21,41,1,-1,0,0,0.0
532,41,38,0,1,0,0,1.0
533,52,41,1,-1,0,0,0.0
534,41,60,0,1,0,0,1.0
535,11,41,1,1,0,0,1.0
536,41,48,0,-1,0,0,0.0
537,9,41,1,1,0,0,1.0
538,41,19,0,1,0,0,1.0
539,68,41,1,1,0,0,1.0
540,41,65,0,-1,0,0,0.0
541,2,41,1,-1,0,0,0.0
542,41,27,0,-1,0,0,0.0
543,42,41,1,1,0,0,1.0
544,42,55,0,-1,0,0,0.0
545,17,42,1,-1,0,0,0.0
546,42,43,0,-1,0,0,0.0
547,59,42,1,-1,0,0,0.0
548,42,25,0,1,0,0,1.0
549,22,42,1,-1,0,0,0.0
550,42,13,0,-1,0,0,0.0
551,49,42,1,-1,0,0,0.0
552,42,46,0,1,0,0,1.0
553,73,42,1,1,0,0,1.0
554,42,56,0,-1,0,0,0.0
555,19,42,1,1,0,0,1.0
556,42,60,0,1,0,0,1.0
557,60,43,1,1,0,0,1.0
558,43,59,0,-1,0,0,0.0
559,31,43,1,-1,0,0,0.0
560,43,45,0,1,0,0,1.0
561,1,43,1,-1,0,0,0.0
562,43,52,0,-1,0,0,0.0
563,36,43,1,1,0,0,1.0
564,43,0,0,-1,0,0,0.0
565,33,43,1,-1,0,0,0.0
566,43,30,0,1,0,0,1.0
567,40,43,1,1,0,0,1.0
568,43,63,0,1,0,0,1.0
569,49,43,1,1,0,0,1.0
570,44,49,0,-1,0,0,0.0
571,13,44,1,1,0,0,1.0
572,44,33,0,-1,0,0,0.0
573,60,44,1,1,0,0,1.0
574,44,52,0,-1,0,0,0.0
575,21,44,1,-1,0,0,0.0
576,44,38,0,1,0,0,1.0
577,9,44,1,-1,0,0,0.0
578,44,70,0,-1,0,0,0.0
579,63,44,1,-1,0,0,0.0
580,44,75,0,-1,0,0,0.0
581,44,44,1,1,0,0,1.0
582,44,24,0,1,0,0,1.0
583,55,45,1,1,0,0,1.0
584,45,44,0,1,0,0,1.0
585,48,45,1,-1,0,0,0.0
586,45,40,0,1,0,0,1.0
587,37,45,1,1,0,0,1.0
588,45,30,0,1,0,0,1.0
589,2,45,1,-1,0,0,0.0
590,45,10,0,-1,0,0,0.0
591,59,45,1,1,0,0,1.0
592,45,47,0,-1,0,0,0.0
593,26,45,1,-1,0,0,0.0
594,45,64,0,1,0,0,1.0
595,62,45,1,1,0,0,1.0
596,46,39,0,-1,0,0,0.0
597,43,46,1,1,0,0,1.0
598,46,21,0,-1,0,0,0.0
599,32,46,1,1,0,0,1.0
600,46,10,0,1,0,0,1.0
601,17,46,1,1,0,0,1.0
602,46,33,0,1,0,0,1.0
603,19,46,1,1,0,0,1.0
604,46,77,0,-1,0,0,0.0
605,20,46,1,1,0,0,1.0
606,46,31,0,1,0,0,1.0
607,51,46,1,1,0,0,1.0
608,20,47,1,1,0,0,1.0
609,47,11,0,1,0,0,1.0
610,6,47,1,1,0,0,1.0
611,47,72,0,1,0,0,1.0
612,30,47,1,1,0,0,1.0
613,47,65,0,1,0,0,1.0
614,45,47,1,1,0,0,1.0
615,47,32,0,-1,0,0,0.0
616,67,47,1,1,0,0,1.0
617,47,42,0,1,0,0,1.0
618,24,47,1,1,0,0,1.0
619,47,14,0,1,0,0,1.0
620,76,47,1,-1,0,0,0.0
621,48,1,0,-1,0,0,0.0
622,22,48,1,1,0,0,1.0
623,48,24,0,1,0,0,1.0
624,78,48,1,1,0,0,1.0
625,48,13,0,1,0,0,1.0
626,27,48,1,1,0,0,1.0
627,48,21,0,1,0,0,1.0
628,4,48,1,1,0,0,1.0
629,48,23,0,1,0,0,1.0
630,11,48,1,1,0,0,1.0
631,48,67,0,1,0,0,1.0
632,58,48,1,1,0,0,1.0
633,48,76,0,1,0,0,1.0
634,45,49,1,1,0,0,1.0
635,49,12,0,1,0,0,1.0
636,25,49,1,1,0,0,1.0
637,49,78,0,1,0,0,1.0
638,4,49,1,1,0,0,1.0
639,49,42,0,1,0,0,1.0
640,71,49,1,1,0,0,1.0
641,49,37,0,-1,0,0,0.0
642,76,49,1,1,0,0,1.0
643,49,20,0,-1,0,0,0.0
644,50,49,1,-1,0,0,0.0
645,49,46,0,-1,0,0,0.0
646,38,49,1,1,0,0,1.0
647,50,0,0,-1,0,0,0.0
648,37,50,1,-1,0,0,0.0
649,50,22,0,-1,0,0,0.0
650,76,50,1,1,0,0,1.0
651,50,14,0,-1,0,0,0.0
652,10,50,1,1,0,0,1.0
653,50,73,0,1,0,0,1.0
654,26,50,1,1,0,0,1.0
655,50,65,0,1,0,0,1.0
656,45,50,1,1,0,0,1.0
657,50,16,0,1,0,0,1.0
658,11,50,1,1,0,0,1.0
659,50,71,0,-1,0,0,0.0
660,60,51,1,1,0,0,1.0
661,51,73,0,-1,0,0,0.0
662,5,51,1,-1,0,0,0.0
663,51,76,0,1,0,0,1.0
664,10,51,1,1,0,0,1.0
665,51,31,0,-1,0,0,0.0
666,72,51,1,1,0,0,1.0
667,51,61,0,1,0,0,1.0
668,14,51,1,1,0,0,1.0
669,51,3,0,-1,0,0,0.0
670,37,51,1,-1,0,0,0.0
671,51,70,0,-1,0,0,0.0
672,24,51,1,1,0,0,1.0
673,52,45,0,1,0,0,1.0
674,27,52,1,1,0,0,1.0
675,52,56,0,1,0,0,1.0
676,65,52,1,1,0,0,1.0
677,52,44,0,1,0,0,1.0
678,3,52,1,1,0,0,1.0
679,52,51,0,1,0,0,1.0
680,73,52,1,1,0,0,1.0
681,52,36,0,-1,0,0,0.0
682,15,52,1,1,0,0,1.0
683,52,39,0,1,0,0,1.0
684,21,52,1,1,0,0,1.0
685,52,48,0,1,0,0,1.0
686,41,53,1,1,0,0,1.0
687,53,69,0,1,0,0,1.0
688,70,53,1,-1,0,0,0.0
689,53,77,0,-1,0,0,0.0
690,7,53,1,1,0,0,1.0
691,53,28,0,-1,0,0,0.0
692,9,53,1,1,0,0,1.0
693,53,33,0,1,0,0,1.0
694,12,53,1,-1,0,0,0.0
695,53,57,0,1,0,0,1.0
696,23,53,1,1,0,0,1.0
697,53,37,0,1,0,0,1.0
698,38,53,1,1,0,0,1.0
699,54,34,0,-1,0,0,0.0
700,46,54,1,1,0,0,1.0
701,54,37,0,1,0,0,1.0
702,36,54,1,1,0,0,1.0
703,54,68,0,1,0,0,1.0
704,48,54,1,1,0,0,1.0
705,54,21,0,1,0,0,1.0
706,35,54,1,-1,0,0,0.0
707,54,64,0,1,0,0,1.0
708,16,54,1,-1,0,0,0.0
709,54,45,0,1,0,0,1.0
710,7,54,1,1,0,0,1.0
711,54,39,0,-1,0,0,0.0
712,57,55,1,-1,0,0,0.0
713,55,68,0,1,0,0,1.0
714,69,55,1,-1,0,0,0.0
715,55,4,0,-1,0,0,0.0
716,8,55,1,1,0,0,1.0
717,55,59,0,-1,0,0,0.0
718,58,55,1,1,0,0,1.0
719,55,26,0,1,0,0,1.0
720,30,55,1,1,0,0,1.0
721,55,1,0,1,0,0,1.0
722,2,55,1,1,0,0,1.0
723,55,16,0,-1,0,0,0.0
724,28,55,1,-1,0,0,0.0
725,56,29,0,1,0,0,1.0
726,60,56,1,-1,0,0,0.0
727,56,54,0,1,0,0,1.0
728,55,56,1,1,0,0,1.0
729,56,40,0,1,0,0,1.0
730,8,56,1,1,0,0,1.0
731,56,64,0,1,0,0,1.0
732,56,56,1,1,0,0,1.0
733,56,66,0,1,0,0,1.0
734,41,56,1,-1,0,0,0.0
735,56,68,0,-1,0,0,0.0
736,26,56,1,-1,0,0,0.0
737,56,67,0,1,0,0,1.0
738,70,57,1,-1,0,0,0.0
739,57,56,0,1,0,0,1.0
740,37,57,1,-1,0,0,0.0
741,57,11,0,1,0,0,1.0
742,67,57,1,1,0,0,1.0
743,57,15,0,-1,0,0,0.0
744,13,57,1,-1,0,0,0.0
745,57,50,0,-1,0,0,0.0
746,46,57,1,-1,0,0,0.0
747,57,39,0,1,0,0,1.0
748,52,57,1,1,0,0,1.0
749,57,18,0,-1,0,0,0.0
750,51,57,1,1,0,0,1.0
751,58,30,0,1,0,0,1.0
752,31,58,1,-1,0,0,0.0
753,58,37,0,-1,0,0,0.0
754,29,58,1,1,0,0,1.0
755,58,27,0,1,0,0,1.0
756,2,58,1,1,0,0,1.0
757,58,78,0,1,0,0,1.0
758,64,58,1,-1,0,0,0.0
759,58,61,0,1,0,0,1.0
760,44,58,1,1,0,0,1.0
761,58,15,0,1,0,0,1.0
762,23,58,1,-1,0,0,0.0
763,58,4,0,-1,0,0,0.0
764,12,59,1,1,0,0,1.0
765,59,15,0,-1,0,0,0.0
766,33,59,1,1,0,0,1.0
767,59,0,0,1,0,0,1.0
768,41,59,1,-1,0,0,0.0
769,59,75,0,-1,0,0,0.0
770,14,59,1,-1,0,0,0.0
771,59,39,0,1,0,0,1.0
772,7,59,1,-1,0,0,0.0
773,59,59,0,-1,0,0,0.0
774,66,59,1,1,0,0,1.0
775,59,10,0,1,0,0,1.0
776,67,59,1,1,0,0,1.0
777,60,78,0,1,0,0,1.0
778,66,60,1,-1,0,0,0.0
779,60,68,0,1,0,0,1.0
780,61,60,1,1,0,0,1.0
781,60,40,0,1,0,0,1.0
782,6,60,1,1,0,0,1.0
783,60,31,0,-1,0,0,0.0
784,0,60,1,1,0,0,1.0
785,60,42,0,1,0,0,1.0
786,74,60,1,-1,0,0,0.0
787,60,48,0,-1,0,0,0.0
788,73,60,1,-1,0,0,0.0
789,60,37,0,1,0,0,1.0
790,73,61,1,-1,0,0,0.0
791,61,20,0,1,0,0,1.0
792,16,61,1,-1,0,0,0.0
793,61,25,0,-1,0,0,0.0
794,46,61,1,-1,0,0,0.0
795,61,53,0,-1,0,0,0.0
796,72,61,1,-1,0,0,0.0
797,61,33,0,-1,0,0,0.0
798,55,61,1,-1,0,0,0.0
799,61,71,0,-1,0,0,0.0
800,75,61,1,-1,0,0,0.0
801,61,52,0,-1,0,0,0.0
802,43,61,1,-1,0,0,0.0
803,62,10,0,1,0,0,1.0
804,44,62,1,1,0,0,1.0
805,62,71,0,-1,0,0,0.0
806,30,62,1,1,0,0,1.0
807,62,5,0,1,0,0,1.0
808,0,62,1,-1,0,0,0.0
809,62,64,0,1,0,0,1.0
810,26,62,1,1,0,0,1.0
811,62,72,0,-1,0,0,0.0
812,63,62,1,1,0,0,1.0
813,62,24,0,1,0,0,1.0
814,48,62,1,-1,0,0,0.0
815,62,11,0,1,0,0,1.0
816,19,63,1,1,0,0,1.0
817,63,66,0,-1,0,0,0.0
818,41,63,1,-1,0,0,0.0
819,63,61,0,1,0,0,1.0
820,44,63,1,1,0,0,1.0
821,63,9,0,1,0,0,1.0
822,57,63,1,-1,0,0,0.0
823,63,8,0,-1,0,0,0.0
824,60,63,1,1,0,0,1.0
825,63,13,0,1,0,0,1.0
826,55,63,1,1,0,0,1.0
827,63,64,0,1,0,0,1.0
828,31,63,1,1,0,0,1.0
829,64,29,0,-1,0,0,0.0
830,58,64,1,1,0,0,1.0
831,64,71,0,-1,0,0,0.0
832,63,64,1,1,0,0,1.0
833,64,0,0,1,0,0,1.0
834,78,64,1,1,0,0,1.0
835,64,31,0,1,0,0,1.0
836,15,64,1,1,0,0,1.0
837,64,54,0,-1,0,0,0.0
838,76,64,1,-1,0,0,0.0
839,64,43,0,-1,0,0,0.0
840,20,64,1,1,0,0,1.0
841,64,3,0,1,0,0,1.0
842,60,65,1,1,0,0,1.0
843,65,42,0,1,0,0,1.0
844,28,65,1,1,0,0,1.0
845,65,73,0,1,0,0,1.0
846,39,65,1,1,0,0,1.0
847,65,30,0,-1,0,0,0.0
848,29,65,1,1,0,0,1.0
849,65,78,0,1,0,0,1.0
850,23,65,1,1,0,0,1.0
851,65,43,0,1,0,0,1.0
852,13,65,1,1,0,0,1.0
853,65,61,0,1,0,0,1.0
854,16,65,1,1,0,0,1.0
855,66,16,0,1,0,0,1.0
856,41,66,1,1,0,0,1.0
857,66,51,0,1,0,0,1.0
858,30,66,1,1,0,0,1.0
859,66,72,0,1,0,0,1.0
860,11,66,1,1,0,0,1.0
861,66,53,0,1,0,0,1.0
862,69,66,1,1,0,0,1.0
863,66,25,0,1,0,0,1.0
864,77,66,1,1,0,0,1.0
865,66,52,0,-1,0,0,0.0
866,29,66,1,-1,0,0,0.0
867,66,66,0,1,0,0,1.0
868,26,67,1,1,0,0,1.0
869,67,6,0,1,0,0,1.0
870,20,67,1,-1,0,0,0.0
871,67,38,0,1,0,0,1.0
872,49,67,1,1,0,0,1.0
873,67,19,0,1,0,0,1.0
874,76,67,1,1,0,0,1.0
875,67,21,0,-1,0,0,0.0
876,28,67,1,1,0,0,1.0
877,67,59,0,-1,0,0,0.0
878,46,67,1,-1,0,0,0.0
879,67,44,0,1,0,0,1.0
880,1,67,1,-1,0,0,0.0
881,68,10,0,-1,0,0,0.0
882,46,68,1,1,0,0,1.0
883,68,32,0,1,0,0,1.0
884,0,68,1,1,0,0,1.0
885,68,26,0,-1,0,0,0.0
886,21,68,1,-1,0,0,0.0
887,68,62,0,1,0,0,1.0
888,68,68,1,-1,0,0,0.0
889,68,64,0,1,0,0,1.0
890,4,68,1,1,0,0,1.0
891,68,57,0,1,0,0,1.0
892,49,68,1,1,0,0,1.0
893,68,74,0,-1,0,0,0.0
894,75,69,1,1,0,0,1.0
895,69,7,0,1,0,0,1.0
896,38,69,1,1,0,0,1.0
897,69,54,0,1,0,0,1.0
898,62,69,1,1,0,0,1.0
899,69,55,0,1,0,0,1.0
900,51,69,1,1,0,0,1.0
901,69,8,0,1,0,0,1.0
902,20,69,1,-1,0,0,0.0
903,69,6,0,1,0,0,1.0
904,15,69,1,1,0,0,1.0
905,69,10,0,1,0,0,1.0
906,5,69,1,1,0,0,1.0
907,70,41,0,1,0,0,1.0
908,16,70,1,1,0,0,1.0
909,70,57,0,-1,0,0,0.0
910,55,70,1,1,0,0,1.0
911,70,60,0,1,0,0,1.0
912,40,70,1,1,0,0,1.0
913,70,38,0,1,0,0,1.0
914,23,70,1,-1,0,0,0.0
915,70,4,0,1,0,0,1.0
916,53,70,1,-1,0,0,0.0
917,70,21,0,-1,0,0,0.0
918,5,70,1,-1,0,0,0.0
919,70,24,0,1,0,0,1.0
920,75,71,1,1,0,0,1.0
921,71,43,0,1,0,0,1.0
922,24,71,1,1,0,0,1.0
923,71,15,0,1,0,0,1.0
924,63,71,1,1,0,0,1.0
925,71,68,0,1,0,0,1.0
926,67,71,1,-1,0,0,0.0
927,71,23,0,1,0,0,1.0
928,13,71,1,-1,0,0,0.0
929,71,14,0,1,0,0,1.0
930,22,71,1,-1,0,0,0.0
931,71,77,0,1,0,0,1.0
932,45,71,1,-1,0,0,0.0
933,72,17,0,1,0,0,1.0
934,27,72,1,1,0,0,1.0
935,72,6,0,1,0,0,1.0
936,13,72,1,-1,0,0,0.0
937,72,73,0,1,0,0,1.0
938,62,72,1,1,0,0,1.0
939,72,35,0,-1,0,0,0.0
940,3,72,1,1,0,0,1.0
941,72,9,0,1,0,0,1.0
942,63,72,1,1,0,0,1.0
943,72,20,0,1,0,0,1.0
944,38,72,1,1,0,0,1.0
945,72,39,0,1,0,0,1.0
946,69,73,1,-1,0,0,0.0
947,73,33,0,1,0,0,1.0
948,29,73,1,1,0,0,1.0
949,73,1,0,1,0,0,1.0
950,73,73,1,1,0,0,1.0
951,73,54,0,1,0,0,1.0
952,47,73,1,1,0,0,1.0
953,73,39,0,1,0,0,1.0
954,62,73,1,-1,0,0,0.0
955,73,67,0,-1,0,0,0.0
956,16,73,1,1,0,0,1.0
957,73,0,0,1,0,0,1.0
958,25,73,1,1,0,0,1.0
959,74,68,0,-1,0,0,0.0
960,48,74,1,-1,0,0,0.0
961,74,45,0,1,0,0,1.0
962,23,74,1,1,0,0,1.0
963,74,53,0,-1,0,0,0.0
964,7,74,1,1,0,0,1.0
965,74,51,0,-1,0,0,0.0
966,69,74,1,-1,0,0,0.0
967,74,65,0,1,0,0,1.0
968,42,74,1,-1,0,0,0.0
969,74,16,0,-1,0,0,0.0
970,8,74,1,1,0,0,1.0
971,74,70,0,1,0,0,1.0
972,61,75,1,1,0,0,1.0
973,75,71,0,-1,0,0,0.0
974,44,75,1,1,0,0,1.0
975,75,30,0,1,0,0,1.0
976,17,75,1,-1,0,0,0.0
977,75,34,0,1,0,0,1.0
978,22,75,1,1,0,0,1.0
979,75,21,0,1,0,0,1.0
980,47,75,1,-1,0,0,0.0
981,75,72,0,-1,0,0,0.0
982,35,75,1,1,0,0,1.0
983,75,48,0,1,0,0,1.0
984,25,75,1,1,0,0,1.0
985,76,78,0,1,0,0,1.0
986,56,76,1,-1,0,0,0.0
987,76,29,0,1,0,0,1.0
988,3,76,1,1,0,0,1.0
989,76,21,0,1,0,0,1.0
990,16,76,1,-1,0,0,0.0
991,76,72,0,1,0,0,1.0
992,17,76,1,1,0,0,1.0
993,76,2,0,-1,0,0,0.0
994,15,76,1,1,0,0,1.0
995,76,47,0,-1,0,0,0.0
996,54,76,1,1,0,0,1.0
997,76,6,0,1,0,0,1.0
998,78,77,1,1,0,0,1.0
999,77,63,0,-1,0,0,0.0
1000,26,77,1,1,0,0,1.0
1001,77,41,0,1,0,0,1.0
1002,16,77,1,1,0,0,1.0
1003,77,24,0,1,0,0,1.0
1004,42,77,1,-1,0,0,0.0
1005,77,68,0,-1,0,0,0.0
1006,8,77,1,-1,0,0,0.0
1007,77,48,0,1,0,0,1.0
1008,72,77,1,-1,0,0,0.0
1009,77,51,0,-1,0,0,0.0
1010,5,77,1,-1,0,0,0.0
1011,78,28,0,-1,0,0,0.0
1012,52,78,1,1,0,0,1.0
1013,78,76,0,-1,0,0,0.0
1014,56,78,1,1,0,0,1.0
1015,78,35,0,1,0,0,1.0
1016,65,78,1,-1,0,0,0.0
1017,78,2,0,1,0,0,1.0
1018,25,78,1,-1,0,0,0.0
1019,78,3,0,-1,0,0,0.0
1020,22,78,1,1,0,0,1.0
1021,78,46,0,-1,0,0,0.0
1022,20,78,1,1,0,0,1.0
1023,78,41,0,1,0,0,1.0
