update,decisions_per_s,collect_s,update_s,t_engine,t_encode,t_policy,t_other,t_transfer,t_compute
1,1610,2.889,6.215,0.0447,0.1633,2.6097,0.0711,0.15629,6.05839
2,28456,0.364,0.153,0.0483,0.1449,0.1033,0.0679,0.01337,0.13958
3,33941,0.28,0.153,0.0471,0.087,0.1089,0.0369,0.01338,0.13967
4,31823,0.307,0.156,0.0481,0.0817,0.1119,0.065,0.0144,0.14076
5,32608,0.3,0.152,0.0496,0.1059,0.1108,0.0338,0.01376,0.13742
6,32606,0.3,0.152,0.0493,0.099,0.1105,0.0411,0.01346,0.1383
7,33827,0.281,0.153,0.0477,0.0922,0.1084,0.0332,0.01276,0.14031
8,33817,0.281,0.154,0.0482,0.0839,0.1148,0.034,0.01326,0.14089
9,34945,0.268,0.152,0.0474,0.0824,0.1084,0.0297,0.01266,0.13948
10,34699,0.271,0.152,0.0472,0.0825,0.11,0.0313,0.01217,0.13963
11,35630,0.261,0.15,0.0463,0.0822,0.1003,0.0325,0.01293,0.13726
12,33745,0.287,0.149,0.0461,0.1017,0.1079,0.0316,0.01253,0.13615
13,35438,0.26,0.153,0.046,0.08,0.1049,0.0292,0.01268,0.14032
14,35321,0.26,0.153,0.0469,0.0817,0.1005,0.031,0.01274,0.14046
15,33879,0.276,0.155,0.0478,0.0817,0.1105,0.0364,0.01405,0.14069
16,34324,0.273,0.154,0.0481,0.0823,0.1082,0.0343,0.0139,0.14032
17,34335,0.268,0.157,0.0466,0.0797,0.1138,0.0283,0.01668,0.14051
18,35800,0.255,0.153,0.0463,0.0804,0.1003,0.0278,0.01319,0.13959
19,34166,0.272,0.156,0.0467,0.0797,0.1082,0.0371,0.01296,0.14281
20,33962,0.274,0.155,0.0466,0.0803,0.1106,0.037,0.01291,0.14179
21,34798,0.265,0.155,0.0471,0.0803,0.1104,0.0272,0.01306,0.14181
22,35184,0.261,0.154,0.0464,0.0807,0.1064,0.0279,0.01332,0.14064
23,34908,0.266,0.154,0.0464,0.0799,0.1112,0.0283,0.01306,0.14045
24,33678,0.285,0.15,0.0484,0.0863,0.1102,0.0402,0.01208,0.13732
25,35476,0.26,0.152,0.0466,0.079,0.1055,0.0293,0.0141,0.13756
26,34615,0.268,0.154,0.0473,0.082,0.1121,0.027,0.01313,0.14024
27,34353,0.27,0.154,0.0472,0.0799,0.1137,0.0293,0.01325,0.14037
28,33684,0.279,0.155,0.0474,0.0804,0.1105,0.0409,0.0139,0.1407
29,34122,0.271,0.157,0.0469,0.081,0.1121,0.0308,0.01627,0.14064
30,34383,0.272,0.153,0.0465,0.0819,0.1151,0.0284,0.01366,0.13948
31,35606,0.259,0.152,0.0458,0.0788,0.1058,0.0282,0.01281,0.13929
32,35472,0.258,0.155,0.0454,0.0788,0.1064,0.0273,0.01277,0.1417
33,32842,0.29,0.155,0.0467,0.0787,0.1137,0.0506,0.01363,0.14154
34,34803,0.265,0.157,0.0468,0.0779,0.1075,0.0325,0.01438,0.14203
35,34857,0.266,0.153,0.0465,0.0795,0.1073,0.0328,0.01245,0.14048
36,34262,0.272,0.156,0.0476,0.0804,0.1125,0.0318,0.01409,0.14134
37,35162,0.264,0.151,0.0465,0.0807,0.1097,0.0271,0.01357,0.13718
38,33784,0.282,0.15,0.0464,0.0777,0.1043,0.0535,0.01223,0.13722
39,34123,0.275,0.155,0.0469,0.0798,0.113,0.0348,0.01376,0.14082
40,33127,0.287,0.154,0.0464,0.0798,0.1134,0.0474,0.0134,0.14032
41,34590,0.27,0.154,0.0466,0.0792,0.1155,0.0292,0.01294,0.14054
42,34243,0.273,0.154,0.048,0.0801,0.1161,0.0287,0.013,0.14064
43,35277,0.262,0.152,0.0465,0.077,0.1029,0.036,0.01338,0.13827
44,35482,0.259,0.152,0.0462,0.0768,0.1064,0.0292,0.0133,0.13848
45,35085,0.26,0.154,0.0461,0.0779,0.1121,0.0243,0.01275,0.14133
46,33859,0.274,0.155,0.0465,0.0871,0.1099,0.0302,0.01337,0.14165
47,34187,0.271,0.156,0.0463,0.0788,0.1108,0.0353,0.01348,0.14188
48,32771,0.285,0.159,0.0471,0.086,0.1098,0.0421,0.01812,0.14059
49,34296,0.27,0.156,0.0472,0.0816,0.1097,0.0312,0.01508,0.1403
50,35672,0.255,0.153,0.0458,0.0764,0.1048,0.0278,0.01407,0.13842
51,35508,0.254,0.155,0.046,0.0771,0.1052,0.0258,0.01556,0.13946
52,34767,0.264,0.155,0.0463,0.0785,0.1112,0.0285,0.0148,0.13947
53,35198,0.258,0.153,0.0466,0.0777,0.1075,0.0258,0.0138,0.13936
54,35116,0.261,0.153,0.0452,0.0785,0.1078,0.0298,0.01362,0.13945
55,33948,0.273,0.155,0.0483,0.0815,0.1147,0.0285,0.01413,0.14045
56,35557,0.257,0.151,0.0462,0.0778,0.108,0.0254,0.01376,0.13711
57,35466,0.258,0.151,0.0457,0.0786,0.1075,0.0266,0.01313,0.1373
58,31920,0.299,0.155,0.0791,0.0782,0.1077,0.0338,0.0141,0.14068
59,33999,0.271,0.155,0.0475,0.0799,0.1123,0.0311,0.01461,0.14058
60,34641,0.263,0.156,0.0454,0.0787,0.1111,0.0274,0.01559,0.14059
61,33693,0.275,0.154,0.0469,0.0794,0.1126,0.0367,0.01376,0.1404
62,35168,0.261,0.151,0.046,0.0768,0.1101,0.0285,0.01343,0.13735
63,33917,0.276,0.152,0.0457,0.0783,0.1088,0.0428,0.01334,0.13826
64,35877,0.252,0.153,0.0454,0.0793,0.1016,0.0252,0.01231,0.14025
65,34297,0.269,0.153,0.0467,0.0804,0.1137,0.0284,0.01387,0.13932
66,34640,0.263,0.153,0.0458,0.0796,0.1123,0.0253,0.01346,0.13941
67,35262,0.257,0.151,0.0462,0.0759,0.1074,0.0276,0.0121,0.13902
68,33653,0.275,0.153,0.0459,0.0781,0.1081,0.0428,0.01326,0.13939
69,34632,0.264,0.15,0.0463,0.0799,0.1085,0.0295,0.0133,0.13611
70,35185,0.259,0.151,0.0462,0.0778,0.1085,0.0261,0.01527,0.13585
71,34931,0.259,0.154,0.0463,0.0792,0.106,0.0279,0.01339,0.1403
72,35199,0.254,0.157,0.0458,0.0784,0.1051,0.0251,0.01629,0.14014
73,33959,0.269,0.157,0.0472,0.0841,0.1063,0.0312,0.01638,0.14044
74,34579,0.263,0.153,0.0465,0.0775,0.1074,0.0316,0.01371,0.13917
75,34125,0.274,0.151,0.0472,0.0801,0.1136,0.0329,0.01345,0.13694
76,34695,0.264,0.153,0.046,0.0788,0.1106,0.0285,0.01316,0.13962
77,34854,0.26,0.155,0.0452,0.0759,0.1115,0.0275,0.01388,0.14047
78,33654,0.275,0.155,0.0462,0.0773,0.1102,0.0416,0.01582,0.13922
79,35326,0.258,0.153,0.0454,0.0765,0.1091,0.0266,0.01363,0.13949
80,34654,0.266,0.153,0.0468,0.0801,0.1101,0.0289,0.01368,0.13928
81,34500,0.264,0.156,0.0464,0.0777,0.1116,0.0283,0.01579,0.13952
82,35584,0.257,0.15,0.0468,0.076,0.1061,0.0285,0.01239,0.13715
83,35820,0.255,0.149,0.0464,0.0783,0.1028,0.0279,0.01277,0.13601
84,34920,0.261,0.154,0.0466,0.0787,0.1098,0.0255,0.01328,0.14025
85,35084,0.257,0.155,0.0452,0.0761,0.1086,0.0268,0.01422,0.14016
86,34827,0.261,0.153,0.0457,0.0779,0.1079,0.0298,0.0127,0.14044
87,34619,0.265,0.152,0.047,0.0776,0.1158,0.0247,0.01242,0.13956
88,32288,0.296,0.152,0.0461,0.0824,0.1079,0.0593,0.01357,0.13815
89,34992,0.261,0.153,0.0473,0.076,0.1041,0.0335,0.01321,0.13936
90,35167,0.256,0.155,0.0454,0.0771,0.1056,0.0282,0.01319,0.14181
91,33514,0.278,0.154,0.0472,0.0933,0.1084,0.0292,0.01293,0.14059
92,34945,0.258,0.156,0.0471,0.0781,0.1046,0.0283,0.01409,0.14132
93,34395,0.265,0.154,0.0466,0.0794,0.1109,0.0277,0.01313,0.14061
94,31128,0.308,0.154,0.0473,0.0922,0.1066,0.0622,0.01342,0.14026
95,34236,0.269,0.151,0.046,0.0793,0.1133,0.0301,0.01248,0.13799
96,34909,0.258,0.152,0.0459,0.077,0.1037,0.0312,0.01382,0.13827
97,33355,0.274,0.154,0.0474,0.079,0.1145,0.033,0.01243,0.14153
98,34265,0.261,0.156,0.0462,0.0776,0.1109,0.0263,0.01413,0.14173
99,33145,0.274,0.155,0.0453,0.0791,0.1092,0.0406,0.01333,0.14149
100,34029,0.263,0.155,0.0464,0.0789,0.1109,0.0268,0.01437,0.14052
101,33248,0.276,0.152,0.048,0.0803,0.1203,0.0273,0.01355,0.13827
102,34721,0.26,0.151,0.0468,0.0782,0.1084,0.0263,0.0128,0.13742
103,34657,0.256,0.155,0.0459,0.077,0.1059,0.0271,0.01302,0.14173
104,30672,0.308,0.157,0.0491,0.0908,0.1223,0.046,0.01342,0.14295
105,34429,0.259,0.155,0.0471,0.0798,0.1078,0.0244,0.0131,0.14116
106,33134,0.275,0.153,0.0473,0.0841,0.1143,0.0293,0.01251,0.14055
107,34036,0.265,0.152,0.0462,0.0768,0.1081,0.0338,0.01269,0.13932
108,34666,0.256,0.153,0.0459,0.0783,0.106,0.0257,0.01457,0.13829
109,32685,0.284,0.152,0.046,0.0852,0.1082,0.0445,0.01236,0.13948
110,33912,0.265,0.155,0.0468,0.0788,0.114,0.0259,0.01322,0.14141
111,33391,0.266,0.16,0.0468,0.0811,0.1116,0.0269,0.01809,0.14169
112,33638,0.269,0.155,0.0474,0.0781,0.111,0.0326,0.01376,0.14088
113,33914,0.266,0.155,0.0476,0.0784,0.1067,0.0335,0.01414,0.1403
114,33214,0.276,0.152,0.0466,0.0782,0.1087,0.043,0.01334,0.13817
115,34331,0.264,0.151,0.047,0.0787,0.1108,0.0276,0.01343,0.13741
116,34682,0.256,0.155,0.0453,0.076,0.1084,0.0263,0.01293,0.14177
117,34927,0.256,0.155,0.0466,0.0766,0.1045,0.0288,0.01431,0.1408
118,34583,0.261,0.154,0.0467,0.0771,0.1098,0.0276,0.01322,0.14092
119,33965,0.268,0.155,0.047,0.0784,0.1065,0.0359,0.01402,0.14098
120,35194,0.257,0.152,0.0456,0.0764,0.1074,0.0273,0.01293,0.13918
121,34826,0.261,0.152,0.0449,0.0758,0.1084,0.0315,0.01405,0.13758
122,34535,0.263,0.153,0.0456,0.0786,0.1086,0.0299,0.01309,0.13923
123,34200,0.264,0.156,0.0466,0.0778,0.1108,0.0286,0.01372,0.14166
124,34373,0.264,0.156,0.0475,0.0766,0.104,0.0356,0.01416,0.14156
125,34274,0.267,0.155,0.046,0.0784,0.1134,0.0288,0.01314,0.14167
126,34313,0.265,0.155,0.0467,0.0784,0.1124,0.0274,0.01413,0.14066
127,34771,0.262,0.152,0.0475,0.0772,0.1092,0.0283,0.01304,0.13852
128,34930,0.264,0.149,0.0462,0.0779,0.1066,0.0337,0.01292,0.13603
129,35310,0.255,0.154,0.0456,0.0775,0.1053,0.027,0.01357,0.1405
130,34998,0.259,0.154,0.0465,0.077,0.1097,0.026,0.01439,0.13932
131,34838,0.261,0.154,0.0461,0.0769,0.1095,0.0287,0.01348,0.14026
132,35236,0.257,0.153,0.0461,0.0767,0.1089,0.0256,0.01356,0.13945
133,34009,0.269,0.156,0.0475,0.0779,0.1168,0.0272,0.01721,0.13809
134,33862,0.274,0.152,0.0463,0.0784,0.1087,0.0411,0.01373,0.13824
135,35674,0.252,0.154,0.0445,0.0752,0.1046,0.0274,0.01506,0.13835
136,34411,0.267,0.152,0.0474,0.0776,0.1091,0.0325,0.01299,0.13924
137,34745,0.264,0.153,0.0465,0.0779,0.1113,0.0287,0.01354,0.1394
138,33973,0.271,0.154,0.0471,0.0785,0.1069,0.0385,0.01376,0.13949
139,34129,0.271,0.153,0.0464,0.0769,0.1067,0.0407,0.01283,0.13956
140,34259,0.271,0.15,0.049,0.079,0.1165,0.027,0.0132,0.13622
141,34978,0.26,0.151,0.0462,0.0769,0.1084,0.0288,0.01433,0.1361
142,35338,0.253,0.154,0.0451,0.076,0.1044,0.0278,0.01344,0.14059
143,34782,0.262,0.152,0.0468,0.078,0.1112,0.0257,0.01272,0.1391
144,33111,0.283,0.153,0.0462,0.0773,0.1098,0.0499,0.01284,0.13945
145,33868,0.271,0.152,0.0464,0.077,0.1124,0.0352,0.0132,0.139
146,34205,0.269,0.151,0.0467,0.0776,0.1121,0.0327,0.01369,0.13719
147,35281,0.254,0.152,0.045,0.0763,0.1069,0.0256,0.01369,0.13808
148,35348,0.253,0.154,0.0449,0.0751,0.1069,0.0266,0.01333,0.13991
149,33980,0.264,0.158,0.0456,0.0751,0.1112,0.0317,0.01781,0.14035
150,34908,0.255,0.155,0.0452,0.0762,0.1056,0.0278,0.01466,0.14021
151,35107,0.256,0.154,0.0465,0.0767,0.1058,0.0273,0.01388,0.14008
152,34937,0.257,0.156,0.0469,0.0773,0.1072,0.0261,0.01655,0.13941
153,35196,0.258,0.153,0.0458,0.0769,0.1072,0.0279,0.01522,0.13713
154,34471,0.269,0.15,0.0455,0.075,0.1061,0.0428,0.01321,0.13606
155,33726,0.276,0.152,0.0482,0.0809,0.1139,0.0325,0.01141,0.14044
156,34443,0.266,0.153,0.046,0.0825,0.1086,0.0291,0.01367,0.13925
157,34228,0.27,0.153,0.0462,0.0795,0.1161,0.0286,0.01334,0.13937
158,35068,0.258,0.152,0.0461,0.077,0.1114,0.0238,0.01309,0.13894
159,32831,0.291,0.149,0.0468,0.0791,0.1079,0.0572,0.01187,0.13719
160,35816,0.254,0.151,0.0449,0.0763,0.1063,0.0265,0.0135,0.1375
161,34379,0.267,0.154,0.0454,0.0759,0.1099,0.0363,0.01305,0.14032
162,34515,0.266,0.154,0.0466,0.0775,0.1131,0.0289,0.01351,0.14022
163,34409,0.267,0.154,0.0464,0.0766,0.1103,0.0339,0.01305,0.14079
164,35753,0.252,0.153,0.045,0.0755,0.1066,0.0251,0.01282,0.14033
165,34856,0.262,0.153,0.0454,0.0776,0.1055,0.0337,0.01353,0.13927
166,34422,0.274,0.148,0.0429,0.0744,0.1069,0.0502,0.01209,0.1359
167,36378,0.249,0.15,0.0455,0.0758,0.1023,0.0257,0.0128,0.13698
168,35377,0.251,0.16,0.0415,0.0731,0.1084,0.028,0.01781,0.14174
169,34449,0.268,0.154,0.0445,0.0776,0.1161,0.0295,0.01383,0.14033
170,35857,0.251,0.154,0.0415,0.073,0.1112,0.025,0.01392,0.14005
171,36018,0.25,0.154,0.0416,0.0723,0.1081,0.0285,0.01297,0.14031
172,34414,0.271,0.154,0.0436,0.0754,0.1151,0.0364,0.01329,0.14033
173,36894,0.244,0.152,0.0402,0.0724,0.1062,0.0248,0.01286,0.13928
174,37034,0.24,0.153,0.04,0.0727,0.1019,0.0254,0.01236,0.1403
175,35681,0.253,0.155,0.0417,0.0732,0.1021,0.0363,0.01388,0.14135
176,35052,0.264,0.154,0.0417,0.0724,0.1078,0.042,0.01213,0.1412
177,34976,0.263,0.157,0.045,0.0764,0.1138,0.0279,0.0147,0.14157
178,35773,0.257,0.153,0.0443,0.0743,0.1117,0.0268,0.01203,0.14023
179,35218,0.263,0.154,0.0463,0.0776,0.1109,0.0283,0.0142,0.13936
180,36020,0.254,0.151,0.0455,0.0782,0.1062,0.0242,0.01326,0.13775
181,35068,0.263,0.155,0.041,0.0728,0.1057,0.0432,0.01275,0.14158
182,35531,0.258,0.154,0.0414,0.0741,0.1106,0.032,0.01338,0.14046
183,35529,0.258,0.154,0.0418,0.073,0.1118,0.0311,0.01373,0.14017
184,36104,0.253,0.154,0.0414,0.0748,0.109,0.0278,0.01306,0.14019
185,36324,0.251,0.154,0.0412,0.0744,0.1095,0.0263,0.01379,0.14026
186,36131,0.257,0.151,0.0409,0.0726,0.1062,0.037,0.01313,0.13715
187,36456,0.25,0.152,0.0417,0.073,0.1079,0.0275,0.01463,0.13715
188,36669,0.246,0.155,0.041,0.0737,0.1061,0.0253,0.01347,0.14126
189,36065,0.25,0.157,0.0417,0.075,0.1074,0.0261,0.01316,0.14335
190,35263,0.261,0.156,0.0458,0.0772,0.1089,0.0286,0.01393,0.14135
191,33552,0.284,0.154,0.0472,0.0829,0.1113,0.0424,0.01309,0.1404
192,33890,0.28,0.154,0.0494,0.0826,0.1173,0.0304,0.01448,0.13945
193,35389,0.262,0.153,0.0473,0.0786,0.1108,0.0253,0.01316,0.13949
194,35219,0.26,0.155,0.0471,0.0794,0.1061,0.0276,0.0131,0.1416
195,33897,0.275,0.155,0.0478,0.082,0.1173,0.0281,0.01392,0.14111
196,32600,0.294,0.154,0.0488,0.0894,0.1132,0.0422,0.01232,0.14188
197,34579,0.268,0.154,0.0464,0.0805,0.1126,0.0288,0.01332,0.14077
198,34089,0.274,0.155,0.0479,0.0793,0.1154,0.0314,0.01386,0.14067
199,35161,0.265,0.152,0.0479,0.0793,0.1136,0.0245,0.0138,0.13746
200,33577,0.28,0.155,0.0484,0.0865,0.1155,0.0296,0.01683,0.13813
201,32981,0.286,0.155,0.0485,0.0838,0.1198,0.0342,0.01352,0.1417
202,34816,0.265,0.156,0.0458,0.0802,0.1128,0.0257,0.01372,0.14165
203,34195,0.271,0.157,0.0471,0.0795,0.1144,0.0295,0.01413,0.14211
204,33996,0.273,0.155,0.0476,0.0788,0.1069,0.0395,0.01372,0.14074
205,35046,0.264,0.153,0.0465,0.0802,0.109,0.0284,0.0148,0.1375
206,34570,0.269,0.151,0.0464,0.0781,0.108,0.0368,0.01535,0.13583
207,35016,0.267,0.152,0.0477,0.0801,0.1119,0.0274,0.01197,0.13929
208,34671,0.268,0.153,0.0466,0.0798,0.1132,0.028,0.01301,0.13942
209,34687,0.266,0.153,0.0472,0.0807,0.1103,0.0282,0.01378,0.13938
210,34261,0.271,0.154,0.0464,0.0781,0.1157,0.0305,0.01398,0.13953
211,33513,0.283,0.152,0.0472,0.0776,0.1155,0.0422,0.0137,0.1381
212,35420,0.26,0.151,0.0454,0.0765,0.1083,0.0296,0.01364,0.13721
213,34967,0.263,0.154,0.0462,0.0791,0.1079,0.0295,0.01443,0.13942
214,34978,0.262,0.155,0.0466,0.079,0.1097,0.0265,0.01321,0.1415
215,35728,0.253,0.154,0.0452,0.0764,0.1045,0.0271,0.01278,0.14073
216,32979,0.286,0.156,0.048,0.0807,0.1134,0.0435,0.01524,0.14069
217,34790,0.265,0.155,0.0467,0.0806,0.1096,0.0278,0.01506,0.13938
218,34819,0.27,0.15,0.0464,0.0776,0.1173,0.0284,0.01383,0.13591
219,35330,0.264,0.15,0.0458,0.0785,0.1123,0.027,0.01319,0.13624
220,34184,0.273,0.154,0.047,0.0804,0.1174,0.0287,0.0134,0.14017
221,33840,0.279,0.151,0.0472,0.0805,0.1092,0.042,0.01208,0.13913
222,34431,0.271,0.153,0.0464,0.0804,0.1149,0.0292,0.01298,0.13937
223,34443,0.272,0.152,0.0467,0.0807,0.1118,0.0325,0.01305,0.13888
224,35228,0.262,0.152,0.0467,0.0796,0.11,0.0254,0.01313,0.13822
225,34610,0.27,0.151,0.0462,0.0832,0.1098,0.0306,0.0124,0.13825
226,34837,0.264,0.155,0.0464,0.0792,0.1056,0.0324,0.01418,0.14085
227,34876,0.267,0.153,0.0466,0.0793,0.1128,0.0279,0.01284,0.13996
228,33229,0.284,0.155,0.0466,0.0919,0.1119,0.0338,0.0138,0.14106
229,32710,0.292,0.154,0.049,0.0883,0.1153,0.0394,0.01334,0.14044
230,34545,0.271,0.153,0.0459,0.0798,0.1117,0.0331,0.01326,0.13932
231,33507,0.284,0.152,0.0458,0.0763,0.11,0.0521,0.01335,0.13839
232,34958,0.265,0.152,0.0464,0.08,0.1098,0.0292,0.01357,0.13839
233,33677,0.28,0.153,0.0503,0.0833,0.1197,0.0263,0.01299,0.14009
234,33061,0.288,0.153,0.0494,0.0915,0.117,0.0303,0.0137,0.13927
235,34155,0.273,0.154,0.0465,0.0806,0.1172,0.0283,0.01406,0.13949
236,33654,0.277,0.156,0.0464,0.0796,0.1106,0.0406,0.01653,0.13942
237,34725,0.269,0.152,0.0469,0.0791,0.1103,0.0323,0.01492,0.13633
238,35620,0.256,0.152,0.0468,0.0784,0.1032,0.0281,0.01554,0.13598
239,35546,0.257,0.154,0.0465,0.078,0.1047,0.0275,0.01307,0.14018
240,34428,0.269,0.154,0.0481,0.0809,0.1122,0.0276,0.01336,0.14041
241,33523,0.279,0.155,0.0472,0.0773,0.1141,0.0406,0.01305,0.14131
242,34535,0.267,0.154,0.0464,0.0785,0.1132,0.029,0.01315,0.14058
243,34300,0.272,0.151,0.0474,0.08,0.1159,0.0286,0.01243,0.1383
244,35807,0.254,0.153,0.0471,0.0772,0.1027,0.0267,0.01351,0.1395
245,34447,0.268,0.155,0.0475,0.079,0.112,0.0296,0.01307,0.14173
246,32717,0.289,0.155,0.0472,0.0789,0.1128,0.0502,0.01312,0.14134
247,34277,0.27,0.154,0.0472,0.08,0.1148,0.028,0.01288,0.14047
248,34336,0.27,0.154,0.0476,0.0794,0.1145,0.0282,0.01347,0.14027
249,34684,0.263,0.156,0.0464,0.0795,0.1102,0.0272,0.01555,0.14058
250,34852,0.267,0.151,0.0468,0.0782,0.1136,0.0283,0.01327,0.13732
251,33993,0.275,0.151,0.0469,0.0786,0.1114,0.038,0.01363,0.13744
252,34194,0.269,0.158,0.0466,0.0804,0.1135,0.0288,0.01604,0.14167
253,34262,0.27,0.156,0.0472,0.0799,0.1146,0.0282,0.01365,0.14184
254,34492,0.267,0.157,0.0469,0.0787,0.1147,0.0268,0.01449,0.14255
255,34595,0.268,0.153,0.0473,0.0774,0.1148,0.0283,0.01294,0.14011
256,33128,0.289,0.152,0.0472,0.0816,0.1149,0.0458,0.01362,0.13836
257,33799,0.28,0.153,0.0494,0.0831,0.12,0.0277,0.01382,0.13842
258,34544,0.269,0.155,0.0478,0.0811,0.1124,0.0274,0.013,0.14195
259,34918,0.26,0.16,0.0437,0.0766,0.1143,0.0255,0.0179,0.14127
260,36385,0.251,0.154,0.0422,0.0744,0.1054,0.0292,0.01361,0.14003
261,36470,0.251,0.153,0.0414,0.0749,0.1096,0.0253,0.01299,0.14023
262,37005,0.247,0.154,0.0405,0.0727,0.1068,0.0267,0.01314,0.14033
263,37656,0.243,0.152,0.0415,0.0725,0.103,0.0259,0.01413,0.13758
264,36588,0.254,0.151,0.0415,0.0737,0.1123,0.0265,0.01379,0.13693
265,36328,0.256,0.155,0.0435,0.0762,0.1113,0.0248,0.01309,0.14158
266,37101,0.248,0.155,0.0415,0.0736,0.1042,0.0283,0.01275,0.14168
267,34377,0.276,0.157,0.0424,0.075,0.1111,0.0471,0.01404,0.14262
268,35425,0.266,0.155,0.0451,0.0791,0.1137,0.0279,0.01344,0.14148
269,36935,0.25,0.151,0.0409,0.0741,0.1105,0.025,0.01323,0.13707
270,36868,0.246,0.154,0.0404,0.0717,0.1069,0.027,0.01423,0.13924
271,35327,0.261,0.155,0.046,0.078,0.1101,0.0273,0.01319,0.14139
272,35218,0.262,0.155,0.0437,0.0756,0.1102,0.032,0.01307,0.14143
273,35624,0.253,0.157,0.0413,0.072,0.1084,0.0316,0.01561,0.14069
274,35798,0.253,0.154,0.0427,0.0747,0.1118,0.024,0.01318,0.1401
275,35852,0.251,0.153,0.0422,0.0728,0.1094,0.0261,0.01291,0.14012
276,35884,0.25,0.151,0.0422,0.0736,0.1087,0.0259,0.01322,0.138
277,35881,0.249,0.152,0.041,0.0721,0.1036,0.0318,0.01336,0.13851
278,33309,0.277,0.155,0.0478,0.0805,0.114,0.0347,0.013,0.14197
279,32992,0.278,0.156,0.0459,0.0767,0.1193,0.0359,0.01382,0.1415
280,35059,0.249,0.159,0.0423,0.0725,0.1066,0.0276,0.0169,0.14167
281,34926,0.254,0.155,0.042,0.0745,0.1085,0.0288,0.01338,0.14134
282,35833,0.244,0.153,0.0408,0.0729,0.1057,0.0249,0.0137,0.13904
283,33956,0.269,0.151,0.0416,0.0723,0.1028,0.0521,0.01325,0.13693
284,35514,0.248,0.151,0.041,0.0723,0.1061,0.0288,0.01247,0.13795
285,34907,0.252,0.154,0.0421,0.0732,0.1117,0.0253,0.01335,0.14069
286,34988,0.254,0.152,0.0443,0.075,0.1084,0.0264,0.01158,0.13985
287,35978,0.241,0.153,0.0408,0.0714,0.1032,0.0257,0.01296,0.14016
288,35203,0.248,0.153,0.0418,0.0721,0.108,0.0264,0.01325,0.13993
289,33675,0.266,0.153,0.0438,0.0757,0.1114,0.0356,0.01592,0.13706
290,35018,0.249,0.152,0.0427,0.0733,0.1034,0.0299,0.01284,0.13927
291,33601,0.265,0.154,0.0435,0.0751,0.1095,0.0371,0.01379,0.13986
292,35830,0.241,0.152,0.0419,0.0733,0.0996,0.0265,0.01164,0.13993
293,35293,0.245,0.153,0.0415,0.0725,0.1051,0.0261,0.01285,0.14011
294,34816,0.249,0.155,0.0407,0.0723,0.109,0.0268,0.01506,0.13996
295,34463,0.253,0.154,0.0411,0.0713,0.1135,0.0275,0.01384,0.13997
296,35584,0.247,0.15,0.0417,0.0719,0.1084,0.0249,0.01361,0.13607
297,35671,0.245,0.149,0.0398,0.073,0.1064,0.0257,0.01206,0.13691
298,35414,0.245,0.154,0.0415,0.0725,0.1037,0.0272,0.01312,0.14023
299,34548,0.254,0.156,0.0436,0.0728,0.109,0.0286,0.01364,0.14189
300,33233,0.272,0.154,0.041,0.0722,0.108,0.0511,0.01281,0.14064
